{
    "Accuracy": 0.9940159574468085,
    "F1": 0.9947368421052633,
    "ROC_AUC": 0.9995123384677513
}