{
    "Accuracy": 0.9943484042553191,
    "F1": 0.9950306927798889,
    "ROC_AUC": 0.999846986053421
}