{
    "Accuracy": 0.992686170212766,
    "F1": 0.9935822637106184,
    "ROC_AUC": 0.9996205073843314
}