{
    "Accuracy": 0.9936835106382979,
    "F1": 0.9944493134677184,
    "ROC_AUC": 0.9994271554459444
}