{
    "Accuracy": 0.9923537234042553,
    "F1": 0.9932925051035286,
    "ROC_AUC": 0.9996317749798085
}