{
    "Accuracy": 0.992686170212766,
    "F1": 0.9935860058309038,
    "ROC_AUC": 0.9996002257124725
}